uf_cod;uf_nome;meses_validos;aih_aprovadas;dias_permanencia;valor_total;obitos;leitos_sus_total;leitos_comp_sus;leitos_exist_total;dias_no_periodo;populacao;taxa_ocupacao_pct;media_permanencia;custo_medio_aih;taxa_mortalidade_pct;leitos_sus_por_mil_hab;aih_por_mil_hab;pressao_aih_por_leito;pct_rede_sus;pct_leitos_uti
35;São Paulo;12;2950235,0;14776441,0;5549227904,4;147970,0;63946,416666666664;9389,166666666666;115133,16666666667;365;46081801;63,3083167287195;5,008564063540701;1880,9443669402606;5,015532660957517;1,3876718200893812;64,02169481179783;46,13604880127503;55,54126453570431;14,682865993273014
31;Minas Gerais;12;1598523,0;7489505,0;3305281650,87;71594,0;33756,083333333336;4456,75;51458,083333333336;365;21393441;60,78664867069959;4,685265710909383;2067,7097863903114;4,478759454821732;1,5778706816417862;74,72023785233989;47,355108832235175;65,59918509725553;13,202805420257583
41;Paraná;12;1101273,0;4408092,0;2221981603,62;42016,0;21948,333333333332;2708,25;31641,25;365;11890517;55,02451689678022;4,002724120177286;2017,6483066596566;3,8152211122945903;1,8458687148198294;92,61775581330905;50,1757005087706;69,36620181988175;12,339205710380439
29;Bahia;12;963178,0;4516202,0;1362466186,6399999;37524,0;27495,333333333332;2485,6666666666665;35889,416666666664;365;14870907;45,00093166495004;4,6888550195291;1414,552851747029;3,8958531029570858;1,8489345225098466;64,76928407931003;35,030599131973915;76,61125726479254;9,04032199403535
33;Rio de Janeiro;12;926174,0;5463761,0;1711902125,94;59198,0;24533,083333333332;3632,8333333333335;45510,083333333336;365;17223547;61,01641614219472;5,89928134454217;1848,3590836495086;6,391671543360103;1,4243920449912746;53,7737087488425;37,75204231021376;53,90691806394553;14,807895460891245
43;Rio Grande do Sul;12;863788,0;4981381,0;1688107585,07;44931,0;22995,083333333332;2856,6666666666665;33985,083333333336;365;11233263;59,35016185959546;5,766902295470648;1954,3077526777404;5,201623546518359;2,0470528762064353;76,8955556368617;37,56402999191857;67,66228320758371;12,422945484723183
42;Santa Catarina;12;690970,0;2809357,0;1536348591,53;26346,0;13409,833333333334;1748,6666666666667;18737,333333333332;365;8187029;57,39719727924049;4,065816171469094;2223,4664189906944;3,8129007048062866;1,6379364642941088;84,39813759057162;51,52711318808337;71,56745890557177;13,040181956027293
26;Pernambuco;12;672596,0;3361043,0;1184236100,38;28191,0;18069,333333333332;1769,5;26821,916666666668;365;9562007;50,961132967281785;4,997120113708675;1760,6945333900292;4,1913719379835745;1,8897009104190503;70,34046304295741;37,22306670602126;67,3677931293749;9,79283500590319
23;Ceará;12;597932,0;3426644,0;931594150,15;23607,0;17704,416666666668;1832,25;22818,833333333332;365;9268836;53,02668780440657;5,7308255788283615;1558,026916355037;3,9481078115906154;1,9101014050379863;64,50993414922867;33,77304156684066;77,58686172971157;10,349112509590356
15;Pará;12;577587,0;2486910,0;738484371,11;16390,0;13006,75;1559,5833333333333;17402,5;365;8711196;52,383970283080096;4,305689013083743;1278,5682003057548;2,8376677452920513;1,4931072610465888;66,30398397648268;44,4067118995906;74,7406981755495;11,990568999429781
21;Maranhão;12;509488,0;2539133,0;565482145,48;15115,0;14469,75;1304,8333333333333;17056,25;365;7018211;48,07635769189715;4,983695396162422;1109,90277588481;2,966703828156895;2,0617433702121524;72,59513856166478;35,21055996129857;84,83547086844997;9,017663286050784
52;Goiás;12;467883,0;2091732,0;744171266,21;16483,0;13505,166666666666;1391,25;20960,416666666668;365;7423629;42,43392728269225;4,470630478132354;1590,5071699762548;3,522889269325878;1,8192135768997435;63,0261830164196;34,64474090163024;64,43176622602125;10,30161296294011
32;Espírito Santo;12;321173,0;1532707,0;564329601,23;12524,0;7103,916666666667;1122,3333333333333;11018,25;365;4126854;59,111015195007056;4,77221621991886;1757,0891738408895;3,8994560563932836;1,721387930531748;77,8251423481422;45,21069363144744;64,47409222577693;15,798796438584347
51;Mato Grosso;12;265365,0;1188161,0;349986210,47;8470,0;6788,583333333333;728,0;9506,583333333334;365;3893659;47,95161901385939;4,4774593484445955;1318,8861020481224;3,191830120777043;1,7434971406929403;68,15311767157833;39,08989357131458;71,40928654704194;10,723886917987308
13;Amazonas;12;264479,0;1215333,0;321517197,51;8220,0;6325,25;829,25;7865,166666666667;365;4321616;52,641072717359705;4,595196594058508;1215,662481747133;3,107997232294436;1,463630734428973;61,199097744917644;41,813208964072565;80,42105486215591;13,11015374886368
25;Paraíba;12;258117,0;1368715,0;547458955,28;12996,0;8449,666666666666;960,1666666666666;11205,75;365;4164468;44,379314090366975;5,302692189975864;2120,972099009364;5,034926021920292;2,0289906577903025;61,98078602116765;30,54759556590004;75,40474012597699;11,363367391218588
53;Distrito Federal;12;248724,0;1423359,0;422814002,65;7065,0;5590,0;687,8333333333334;10856,833333333334;365;2996899;69,7605312813978;5,722644376899696;1699,9324659059841;2,840497901288175;1,865261391858718;82,99378791210515;44,494454382826476;51,488309973749246;12,304710793082887
24;Rio Grande do Norte;12;225455,0;1051317,0;432669300,21;8318,0;6901,5;687,25;8921,583333333334;365;3455236;41,73470329559089;4,6630901953826704;1919,0938334035616;3,6894280455079724;1,9974033611597009;65,25024629287262;32,667536042889225;77,35734501536535;9,957980149242918
22;Piauí;12;223492,0;1114324,0;282264907,66;8141,0;6635,916666666667;508,9166666666667;8136,833333333333;365;3384547;46,006341235248954;4,985968177831869;1262,9754427898986;3,642635978021585;1,9606513564936954;66,03306144071865;33,67914505657345;81,55404436615392;7,669123833682861
50;Mato Grosso do Sul;12;213570,0;978276,0;340173101,62;8872,0;4592,916666666667;584,8333333333334;6895,416666666667;365;2924631;58,355254704049685;4,580587161118134;1592,7944075478765;4,1541414992742425;1,5704260355124005;73,02459694915359;46,49986392089268;66,60825427518279;12,73337566905561
27;Alagoas;12;177639,0;1021880,0;290353906,14;8049,0;6105,25;736,3333333333334;7871,916666666667;365;3220848;45,85678281604705;5,7525655965187825;1634,5166666103726;4,531099589617145;1,8955411742497628;55,15286657426864;29,09610581057287;77,55735049702;12,060658176705841
11;Rondônia;12;139846,0;688893,0;161162634,2;4344,0;4531,166666666667;449,1666666666667;5889,833333333333;365;1751950;41,653247850629654;4,926082976988973;1152,4293451367932;3,1062740443058794;2,5863561555219423;79,82305431091069;30,86313311509177;76,93200147146213;9,912825983006583
28;Sergipe;12;124303,0;680031,0;214306070,29000002;5755,0;3090,0;461,25;4359,0;365;2299425;60,29445404974065;5,470752918272286;1724,0619316508855;4,629815853197429;1,3438142144231708;54,058297182991396;40,22750809061489;70,88781830695113;14,927184466019416
17;Tocantins;12;108808,0;553620,0;140527999,38;3819,0;3013,25;303,25;4038,25;365;1586859;50,33658419605646;5,08804499669142;1291,5226764576134;3,5098522167487682;1,8988769638638343;68,56815885973487;36,10984817057994;74,61771807094657;10,063884510080479
12;Acre;12;61579,0;291058,0;63907862,4;1791,0;1659,3333333333333;220,08333333333334;1850,3333333333333;365;884372;48,05659972371586;4,726578866171909;1037,8191006674354;2,9084590525991003;1,8762843388679575;69,63020086569905;37,11068702290076;89,67753557917493;13,263358778625955
16;Amapá;12;57873,0;269908,0;54508024,62;1443,0;1561,9166666666667;160,91666666666666;1897,75;365;806517;47,34400934339688;4,663798317004475;941,8558675029806;2,493390700326577;1,9366196455458058;71,75670196660454;37,05255295310249;82,30360514644536;10,30251293816358
14;Roraima;12;35071,0;251351,0;45977015,37;1021,0;1453,8333333333333;147,66666666666666;1625,5;365;738772;47,366700220955785;7,166918536682729;1310,969615066579;2,9112372045279575;1,9679052987028922;47,47202113777999;24,123122778860484;89,43914692915;10,157056058695403
